{"cameraMode":{"drawMode":0,"name":"Shaded","section":"Shading Mode"},"sceneLighting":true,"audioPlay":false,"sceneViewState":{"m_AlwaysRefresh":false,"showFog":true,"showSkybox":true,"showFlares":true,"showImageEffects":true,"showParticleSystems":true,"showVisualEffectGraphs":true,"m_FxEnabled":true},"in2DMode":false,"pivot":{"x":-0.35365748405456545,"y":-0.2850379943847656,"z":-0.4449310302734375},"rotation":{"x":-0.004495767876505852,"y":-0.04348563030362129,"z":-0.00019561625958885998,"w":0.9990448951721191},"size":5.904508590698242,"orthographic":true}